5,Cavy, Emilia,ecavy4@google.pl,144.120.119.238
13,McGarvey, Ilise,imcgarveyc@livejournal.com,111.21.58.247
15,Rosenbush, Deirdre,drosenbushe@indiegogo.com,48.227.217.177
17,Brenston, Mair,mbrenstong@flavors.me,28.94.30.159
19,Sotham, Andreana,asothami@bloglovin.com,57.135.139.169
21,Husselbee, Nara,nhusselbeek@unicef.org,166.161.108.239
23,Hollingshead, Carmela,chollingsheadm@wikimedia.org,8.14.94.229
29,Gentric, Clari,cgentrics@nytimes.com,119.47.219.236
31,Eastes, Didi,deastesu@opera.com,70.219.101.43
35,Peasnone, Caren,cpeasnoney@digg.com,2.174.18.193
37,Yele, Caitlin,cyele10@foxnews.com,84.82.98.152
39,Breinlein, Zaria,zbreinlein12@noaa.gov,24.128.148.8
43,Bordman, Benedetta,bbordman16@wiley.com,179.227.214.191
49,Lashbrook, Jamie,jlashbrook1c@hao123.com,79.247.194.3
53,Plane, Dorotea,dplane1g@over-blog.com,204.95.61.89
55,Skedgell, Sioux,sskedgell1i@irs.gov,215.15.222.233
59,Butchers, Tedi,tbutchers1m@over-blog.com,3.93.134.191
63,Wooderson, Gerianne,gwooderson1q@statcounter.com,144.202.121.56
73,Orhrt, Marcelia,morhrt20@epa.gov,10.198.157.227
75,Giovanetti, Merline,mgiovanetti22@goodreads.com,200.229.106.177
77,Baise, Tildie,tbaise24@msn.com,105.147.186.249
79,MacKibbon, Enrichetta,emackibbon26@unblog.fr,6.225.189.75
81,Tumioto, Flori,ftumioto28@rediff.com,55.215.202.184
83,Degoix, Jewelle,jdegoix2a@phpbb.com,175.108.127.170
87,McGeagh, Marta,mmcgeagh2e@cam.ac.uk,118.58.108.120
89,Berka, Ania,aberka2g@facebook.com,137.89.12.61
91,Quilleash, Christabel,cquilleash2i@whitehouse.gov,154.1.13.63
93,Raphael, Pammy,praphael2k@miitbeian.gov.cn,245.103.97.15
97,Tamlett, Madelon,mtamlett2o@miibeian.gov.cn,26.237.7.252
99,O'Dare, Misti,modare2q@aboutads.info,226.172.152.202
