id,email,first_name,last_name,gender,ip_address
201,pemmer0@live.com,Phaedra,Emmer,Female,225.181.175.157
202,bnapolione1@state.gov,Britt,Napolione,Male,170.3.233.189
203,bmumby2@ucsd.edu,Boris,Mumby,Male,79.20.1.177
204,vgosselin3@blogspot.com,Vasili,Gosselin,Male,0.254.234.224
205,aallabush4@blogs.com,Arturo,Allabush,Male,74.234.174.120
206,fquestier5@bbc.co.uk,Fabe,Questier,Male,163.225.237.139
207,rbygott6@vinaora.com,Rosanna,Bygott,Female,37.238.61.14
208,mmotion7@comcast.net,Martino,Motion,Male,249.33.110.173
209,lellam8@toplist.cz,Laura,Ellam,Female,45.67.14.39
210,gbruun9@imdb.com,Gilly,Bruun,Female,123.249.135.74
211,cestabrooka@phoca.cz,Cally,Estabrook,Female,145.138.52.126
212,jshermoreb@hud.gov,Joycelin,Shermore,Female,167.156.104.65
213,mdaudc@phoca.cz,Mame,Daud,Female,225.2.212.205
214,csymersd@noaa.gov,Charlie,Symers,Male,132.129.36.233
215,mdibiaggie@cdbaby.com,Maris,Di Biaggi,Female,134.140.146.95
216,tjeschnerf@census.gov,Trisha,Jeschner,Female,6.250.86.235
217,nwillmottg@prlog.org,Nobie,Willmott,Male,46.92.64.227
218,dgarrath@telegraph.co.uk,Dewie,Garrat,Male,35.93.254.27
219,lbrymhami@tmall.com,Lusa,Brymham,Female,190.236.206.29
220,dfearnsidesj@hubpages.com,Diego,Fearnsides,Male,101.107.171.78
221,kclemanceauk@addtoany.com,Keith,Clemanceau,Male,160.28.142.237
222,gklimkel@theglobeandmail.com,Gunner,Klimke,Male,36.141.13.227
223,mgoldupm@yelp.com,Mitzi,Goldup,Female,206.242.78.130
224,jburhousen@wikispaces.com,Jozef,Burhouse,Male,33.176.146.50
225,iciceroo@discuz.net,Irvine,Cicero,Male,114.131.175.129
226,cfullardp@state.tx.us,Chery,Fullard,Female,112.211.56.31
227,lcheccuzziq@slashdot.org,Lou,Checcuzzi,Male,66.90.87.228
228,ekulvearr@yale.edu,Evered,Kulvear,Male,26.87.132.7
229,ktunstalls@people.com.cn,Kaila,Tunstall,Female,20.31.21.10
230,ipatmoret@wordpress.org,Isabeau,Patmore,Female,154.213.2.74
231,mwestripu@epa.gov,Menard,Westrip,Male,77.29.35.248
232,thodgonv@live.com,Thedrick,Hodgon,Male,230.252.20.66
233,klugdenw@yolasite.com,Kayley,Lugden,Female,159.148.235.221
234,aghiraldix@opera.com,Allan,Ghiraldi,Male,151.29.99.85
235,sfancourty@cbc.ca,Sunny,Fancourt,Female,171.180.184.249
236,gmartensenz@ehow.com,Gardiner,Martensen,Male,221.33.86.220
237,rtreleaven10@apple.com,Rog,Treleaven,Male,48.53.148.51
238,wstandbrook11@state.gov,Ware,Standbrook,Male,135.1.145.32
239,aportal12@miibeian.gov.cn,Alia,Portal,Female,61.38.224.195
240,mhirthe13@privacy.gov.au,Murielle,Hirthe,Female,161.122.245.84
241,aclail14@naver.com,Agace,Clail,Female,224.56.181.217
242,wpinnijar15@vimeo.com,Witty,Pinnijar,Male,12.104.61.80
243,mkillbey16@berkeley.edu,Marcellus,Killbey,Male,26.29.80.99
244,mjerrom17@nyu.edu,Mahmud,Jerrom,Male,92.202.134.20
245,jhulse18@google.de,Jamie,Hulse,Female,108.216.96.3
246,lpetschelt19@indiatimes.com,Lise,Petschelt,Female,58.100.59.38
247,dhewertson1a@de.vu,Der,Hewertson,Male,83.189.52.115
248,gickovits1b@pbs.org,Giordano,Ickovits,Male,229.162.16.192
249,mstory1c@google.es,Mic,Story,Male,86.169.182.11
250,ifeldfisher1d@miibeian.gov.cn,Izabel,Feldfisher,Female,10.144.81.31
251,akrout1e@quantcast.com,Allix,Krout,Female,176.224.216.246
252,smccole1f@360.cn,Suzette,McCole,Female,246.46.232.134
253,llocke1g@npr.org,Lara,Locke,Female,71.90.214.48
254,bmullins1h@hibu.com,Broddy,Mullins,Male,10.221.91.66
255,oamar1i@youtube.com,Ollie,Amar,Female,94.181.173.149
256,ctallant1j@newsvine.com,Clemente,Tallant,Male,72.230.77.111
257,lparkyns1k@lycos.com,Lorri,Parkyns,Female,72.26.102.144
258,colivet1l@php.net,Coralyn,Olivet,Female,137.166.195.207
259,sfutter1m@cnbc.com,Stacy,Futter,Female,40.47.192.193
260,ksadgrove1n@studiopress.com,Karolina,Sadgrove,Female,101.221.161.251
261,flansdale1o@ucoz.com,Fleur,Lansdale,Female,232.159.105.152
262,acreak1p@youku.com,Ashbey,Creak,Male,110.21.82.18
263,kkonert1q@biglobe.ne.jp,Karleen,Konert,Female,85.126.60.137
264,gwhitley1r@sourceforge.net,Giana,Whitley,Female,128.211.119.5
265,asnow1s@bandcamp.com,Ashlee,Snow,Female,34.22.128.189
266,ewalsham1t@istockphoto.com,Enrique,Walsham,Male,252.197.112.96
267,jknipe1u@arstechnica.com,Johann,Knipe,Male,104.86.125.138
268,amarryatt1v@homestead.com,Annemarie,Marryatt,Female,87.172.128.202
269,cmccaskill1w@tinypic.com,Cora,McCaskill,Female,220.127.123.45
270,kcodd1x@dmoz.org,Klemens,Codd,Male,228.89.250.134
271,rbagenal1y@yandex.ru,Rockey,Bagenal,Male,207.145.149.255
272,epoznanski1z@prlog.org,Elden,Poznanski,Male,146.186.132.77
273,dscrimgeour20@altervista.org,Dorisa,Scrimgeour,Female,19.227.44.31
274,aambrus21@constantcontact.com,Alejandra,Ambrus,Female,56.159.6.213
275,mhouseley22@utexas.edu,Melvin,Houseley,Male,134.64.124.54
276,abontoft23@baidu.com,Anson,Bontoft,Male,154.30.120.14
277,gbusse24@abc.net.au,Guillaume,Busse,Male,127.180.29.56
278,sdybald25@devhub.com,Stephannie,Dybald,Female,81.9.79.222
279,mwinterbottom26@feedburner.com,Morey,Winterbottom,Male,20.241.12.144
280,eguthrum27@businessinsider.com,Elnore,Guthrum,Female,146.50.143.66
281,akornacki28@flavors.me,Abbey,Kornacki,Female,14.145.81.190
282,ocornall29@google.cn,Olvan,Cornall,Male,81.248.13.143
283,pvolk2a@free.fr,Patrice,Volk,Female,8.27.208.116
284,tglendenning2b@github.io,Tamar,Glendenning,Female,128.74.84.232
285,mhosier2c@wikimedia.org,Maryann,Hosier,Female,142.5.207.126
286,hnansom2d@wordpress.com,Hayley,Nansom,Female,224.7.38.154
287,cchalfont2e@wufoo.com,Charis,Chalfont,Female,35.180.75.117
288,bmonier2f@msn.com,Billie,Monier,Female,111.196.26.127
289,mduckers2g@paypal.com,Mersey,Duckers,Female,220.125.206.8
290,ccallf2h@webmd.com,Cinderella,Callf,Female,195.75.7.40
291,iharmson2i@usda.gov,Itch,Harmson,Male,236.32.203.216
292,acornfoot2j@diigo.com,Alene,Cornfoot,Female,182.162.80.94
293,tdemelt2k@economist.com,Tarra,Demelt,Female,199.162.34.3
294,gprime2l@jalbum.net,Granville,Prime,Male,22.51.251.103
295,gansley2m@amazon.com,Gerti,Ansley,Female,73.238.40.252
296,ciacomo2n@google.com.hk,Chadd,Iacomo,Male,200.191.191.236
297,ejacobovitz2o@toplist.cz,Erny,Jacobovitz,Male,132.87.138.241
298,tgalton2p@spotify.com,Tab,Galton,Male,232.193.59.223
299,lreignould2q@umich.edu,Lory,Reignould,Female,65.187.249.131
300,gpheasey2r@microsoft.com,Gisele,Pheasey,Female,124.131.193.85
